Region/Country/Area code,Region/Country/Area name,Year,Series,Value
15,Northern Africa,2000,Percentage of individuals using the internet,0.6
15,Northern Africa,2005,Percentage of individuals using the internet,9.7
15,Northern Africa,2010,Percentage of individuals using the internet,23.2
15,Northern Africa,2015,Percentage of individuals using the internet,36.6
15,Northern Africa,2019,Percentage of individuals using the internet,56.0
15,Northern Africa,2020,Percentage of individuals using the internet,64.8
15,Northern Africa,2021,Percentage of individuals using the internet,70.6
202,Sub-Saharan Africa,2000,Percentage of individuals using the internet,0.9
202,Sub-Saharan Africa,2005,Percentage of individuals using the internet,2.0
202,Sub-Saharan Africa,2010,Percentage of individuals using the internet,6.0
202,Sub-Saharan Africa,2015,Percentage of individuals using the internet,16.0
202,Sub-Saharan Africa,2019,Percentage of individuals using the internet,27.4
202,Sub-Saharan Africa,2020,Percentage of individuals using the internet,31.5
202,Sub-Saharan Africa,2021,Percentage of individuals using the internet,34.9
14,Eastern Africa,2000,Percentage of individuals using the internet,0.6
14,Eastern Africa,2005,Percentage of individuals using the internet,1.2
14,Eastern Africa,2010,Percentage of individuals using the internet,3.2
14,Eastern Africa,2015,Percentage of individuals using the internet,10.5
14,Eastern Africa,2019,Percentage of individuals using the internet,15.3
14,Eastern Africa,2020,Percentage of individuals using the internet,17.2
14,Eastern Africa,2021,Percentage of individuals using the internet,20.7
17,Middle Africa,2000,Percentage of individuals using the internet,0.3
17,Middle Africa,2005,Percentage of individuals using the internet,0.7
17,Middle Africa,2010,Percentage of individuals using the internet,2.1
17,Middle Africa,2015,Percentage of individuals using the internet,10.0
17,Middle Africa,2019,Percentage of individuals using the internet,22.1
17,Middle Africa,2020,Percentage of individuals using the internet,27.2
17,Middle Africa,2021,Percentage of individuals using the internet,27.9
18,Southern Africa,2000,Percentage of individuals using the internet,4.9
18,Southern Africa,2005,Percentage of individuals using the internet,7.0
18,Southern Africa,2010,Percentage of individuals using the internet,22.0
18,Southern Africa,2015,Percentage of individuals using the internet,49.1
18,Southern Africa,2019,Percentage of individuals using the internet,67.4
18,Southern Africa,2020,Percentage of individuals using the internet,68.5
18,Southern Africa,2021,Percentage of individuals using the internet,70.6
11,Western Africa,2000,Percentage of individuals using the internet,0.1
11,Western Africa,2005,Percentage of individuals using the internet,2.5
11,Western Africa,2010,Percentage of individuals using the internet,7.7
11,Western Africa,2015,Percentage of individuals using the internet,18.9
11,Western Africa,2019,Percentage of individuals using the internet,36.3
11,Western Africa,2020,Percentage of individuals using the internet,42.9
11,Western Africa,2021,Percentage of individuals using the internet,48.0
143,Central Asia,2000,Percentage of individuals using the internet,1.0
143,Central Asia,2005,Percentage of individuals using the internet,3.3
143,Central Asia,2010,Percentage of individuals using the internet,18.4
143,Central Asia,2015,Percentage of individuals using the internet,43.7
143,Central Asia,2019,Percentage of individuals using the internet,62.7
143,Central Asia,2020,Percentage of individuals using the internet,64.7
143,Central Asia,2021,Percentage of individuals using the internet,66.5
30,Eastern Asia,2000,Percentage of individuals using the internet,5.7
30,Eastern Asia,2005,Percentage of individuals using the internet,16.2
30,Eastern Asia,2010,Percentage of individuals using the internet,39.5
30,Eastern Asia,2015,Percentage of individuals using the internet,54.5
30,Eastern Asia,2019,Percentage of individuals using the internet,67.4
30,Eastern Asia,2020,Percentage of individuals using the internet,72.4
30,Eastern Asia,2021,Percentage of individuals using the internet,75.2
62,South-central Asia,2000,Percentage of individuals using the internet,0.6
62,South-central Asia,2005,Percentage of individuals using the internet,2.8
62,South-central Asia,2010,Percentage of individuals using the internet,7.9
62,South-central Asia,2015,Percentage of individuals using the internet,16.5
62,South-central Asia,2019,Percentage of individuals using the internet,32.4
62,South-central Asia,2020,Percentage of individuals using the internet,43.0
62,South-central Asia,2021,Percentage of individuals using the internet,46.0
35,South-eastern Asia,2000,Percentage of individuals using the internet,2.6
35,South-eastern Asia,2005,Percentage of individuals using the internet,8.7
35,South-eastern Asia,2010,Percentage of individuals using the internet,18.9
35,South-eastern Asia,2015,Percentage of individuals using the internet,31.6
35,South-eastern Asia,2019,Percentage of individuals using the internet,52.9
35,South-eastern Asia,2020,Percentage of individuals using the internet,58.7
35,South-eastern Asia,2021,Percentage of individuals using the internet,65.2
34,Southern Asia,2000,Percentage of individuals using the internet,0.6
34,Southern Asia,2005,Percentage of individuals using the internet,2.8
34,Southern Asia,2010,Percentage of individuals using the internet,7.5
34,Southern Asia,2015,Percentage of individuals using the internet,15.5
34,Southern Asia,2019,Percentage of individuals using the internet,31.3
34,Southern Asia,2020,Percentage of individuals using the internet,42.2
34,Southern Asia,2021,Percentage of individuals using the internet,45.2
145,Western Asia,2000,Percentage of individuals using the internet,3.5
145,Western Asia,2005,Percentage of individuals using the internet,11.0
145,Western Asia,2010,Percentage of individuals using the internet,32.4
145,Western Asia,2015,Percentage of individuals using the internet,50.0
145,Western Asia,2019,Percentage of individuals using the internet,65.6
145,Western Asia,2020,Percentage of individuals using the internet,69.1
145,Western Asia,2021,Percentage of individuals using the internet,71.9
150,Europe,2005,Percentage of individuals using the internet,39.7
150,Europe,2010,Percentage of individuals using the internet,62.5
150,Europe,2015,Percentage of individuals using the internet,74.1
150,Europe,2019,Percentage of individuals using the internet,82.8
150,Europe,2020,Percentage of individuals using the internet,85.1
150,Europe,2021,Percentage of individuals using the internet,87.6
9,Oceania,2000,Percentage of individuals using the internet,33.6
9,Oceania,2005,Percentage of individuals using the internet,47.1
9,Oceania,2010,Percentage of individuals using the internet,56.9
9,Oceania,2015,Percentage of individuals using the internet,64.3
9,Oceania,2019,Percentage of individuals using the internet,74.3
9,Oceania,2020,Percentage of individuals using the internet,78.3
9,Oceania,2021,Percentage of individuals using the internet,79.7
710,South Africa,2000,Percentage of individuals using the internet,5.3
710,South Africa,2005,Percentage of individuals using the internet,7.5
710,South Africa,2010,Percentage of individuals using the internet,24.0
710,South Africa,2015,Percentage of individuals using the internet,51.9
710,South Africa,2019,Percentage of individuals using the internet,69.7
710,South Africa,2020,Percentage of individuals using the internet,70.3
710,South Africa,2021,Percentage of individuals using the internet,72.3
